id,firstname,lastname,email,Phone,start data,expiry Data
1,Bee,Maisey,Bee.Maisey@yopmail.com,18654100,1989-08-18,2022-02-27
2,Gavrielle,Uird,Gavrielle.Uird@yopmail.com,42256748,2019-04-25,2020-05-19
3,Marjie,Rolf,Marjie.Rolf@yopmail.com,24193824,1985-10-08,2020-12-13
4,Tobe,Eiser,Tobe.Eiser@yopmail.com,53461901,2011-08-18,2021-08-09
5,Lita,Radu,Lita.Radu@yopmail.com,64072215,1991-11-25,2021-11-17
6,Lenna,Pillsbury,Lenna.Pillsbury@yopmail.com,38922114,2013-01-07,2020-08-25
7,Kaja,Jagir,Kaja.Jagir@yopmail.com,32646241,1998-09-04,2022-06-17
8,Lory,Sallyann,Lory.Sallyann@yopmail.com,26921449,2010-06-06,2022-10-27
9,Caressa,Tamsky,Caressa.Tamsky@yopmail.com,52173141,2014-03-24,2019-04-12
10,Belva,Callista,Belva.Callista@yopmail.com,86853859,1981-02-22,2021-03-31
11,Robbi,Salchunas,Robbi.Salchunas@yopmail.com,58115703,1988-12-12,2019-09-15
12,Allyce,Elvyn,Allyce.Elvyn@yopmail.com,16665067,1996-09-14,2019-02-24
13,Mariele,Hewitt,Mariele.Hewitt@yopmail.com,12693096,2003-07-19,2019-07-01
14,Alyda,Vharat,Alyda.Vharat@yopmail.com,29857849,2007-05-30,2022-07-27
15,Marleah,Bouchard,Marleah.Bouchard@yopmail.com,97283397,1980-06-30,2020-01-11
16,Ana,McCutcheon,Ana.McCutcheon@yopmail.com,28649073,1999-10-12,2022-05-06
17,Talya,Allare,Talya.Allare@yopmail.com,35061742,2019-07-13,2020-04-27
18,Mallory,Dreda,Mallory.Dreda@yopmail.com,67245671,1986-08-10,2021-09-03
19,Kalina,Hunfredo,Kalina.Hunfredo@yopmail.com,49559370,2015-01-05,2020-12-08
20,Nikki,Brodench,Nikki.Brodench@yopmail.com,62804632,1993-07-29,2020-01-21
21,Britte,Liva,Britte.Liva@yopmail.com,83308789,2011-01-10,2022-01-11
22,Shirlee,Dituri,Shirlee.Dituri@yopmail.com,54002675,2001-11-04,2019-01-28
23,Lory,Stoller,Lory.Stoller@yopmail.com,11202866,2002-12-09,2019-09-25
24,Gale,Elvyn,Gale.Elvyn@yopmail.com,96851739,1987-04-11,2019-09-30
25,Ottilie,Maples,Ottilie.Maples@yopmail.com,32004235,2001-11-14,2019-01-27
26,Alameda,Himelman,Alameda.Himelman@yopmail.com,23695491,1985-08-19,2021-01-07
27,Tomasina,Natica,Tomasina.Natica@yopmail.com,87650095,2008-05-21,2020-02-04
28,Wynne,Junie,Wynne.Junie@yopmail.com,26143729,1983-12-10,2022-09-14
29,Mady,Lanita,Mady.Lanita@yopmail.com,81163317,1996-03-25,2020-01-11
30,Allyce,Mallon,Allyce.Mallon@yopmail.com,48098611,1996-12-28,2022-04-02
31,Merci,Devlen,Merci.Devlen@yopmail.com,19390505,1986-09-22,2019-05-18
32,Karolina,Cosenza,Karolina.Cosenza@yopmail.com,51909417,2005-06-07,2019-06-29
33,Margalo,Thunell,Margalo.Thunell@yopmail.com,48367220,1983-03-02,2020-10-16
34,Cacilie,Rillings,Cacilie.Rillings@yopmail.com,67413931,2008-08-20,2021-05-29
35,Annabela,Barbey,Annabela.Barbey@yopmail.com,56829809,2015-08-02,2022-08-01
36,Karolina,Morehouse,Karolina.Morehouse@yopmail.com,80686913,2013-05-22,2021-03-15
37,Jean,Lanita,Jean.Lanita@yopmail.com,51120662,2020-06-25,2020-08-19
38,Cissiee,Decato,Cissiee.Decato@yopmail.com,67305671,2020-05-13,2020-07-21
39,Barbi,Sekofski,Barbi.Sekofski@yopmail.com,82914790,1987-08-19,2019-08-30
40,Valli,Cohdwell,Valli.Cohdwell@yopmail.com,48389949,1989-12-17,2019-03-11
41,Gianina,Esmaria,Gianina.Esmaria@yopmail.com,80111376,1997-08-11,2019-10-15
42,Flory,Screens,Flory.Screens@yopmail.com,58059510,2017-12-26,2021-06-22
43,Cathyleen,Fulmer,Cathyleen.Fulmer@yopmail.com,91511415,1986-04-17,2021-07-25
44,Allyce,Zrike,Allyce.Zrike@yopmail.com,52723057,1987-03-26,2019-02-12
45,Mignon,Tatianas,Mignon.Tatianas@yopmail.com,92059102,1983-07-03,2019-01-17
46,Adelle,Amasa,Adelle.Amasa@yopmail.com,73238878,1982-03-29,2020-03-18
47,Shirlee,Woodberry,Shirlee.Woodberry@yopmail.com,40216525,2002-11-13,2022-05-18
48,Wynne,Donell,Wynne.Donell@yopmail.com,67330955,1989-03-26,2020-06-28
49,Konstance,Lay,Konstance.Lay@yopmail.com,90374163,2004-02-19,2021-11-03
50,Lexine,Arley,Lexine.Arley@yopmail.com,35169525,2004-07-22,2020-08-04
51,Gavrielle,Federica,Gavrielle.Federica@yopmail.com,36353673,2016-08-26,2019-12-02
52,Bernie,Elsinore,Bernie.Elsinore@yopmail.com,70920165,2017-03-04,2019-07-15
53,Paulita,Means,Paulita.Means@yopmail.com,90615106,1993-11-12,2019-06-21
54,Dianemarie,Fiann,Dianemarie.Fiann@yopmail.com,73682397,1992-08-13,2022-10-13
55,Oralee,Jeanne,Oralee.Jeanne@yopmail.com,63438209,2007-07-05,2022-09-28
56,Delilah,Raul,Delilah.Raul@yopmail.com,96842261,1990-04-04,2021-11-09
57,Margarette,Halla,Margarette.Halla@yopmail.com,28170077,1989-07-16,2021-08-30
58,Gianina,Ludewig,Gianina.Ludewig@yopmail.com,43155307,2009-04-19,2021-06-15
59,Margarette,Kauppi,Margarette.Kauppi@yopmail.com,15289808,2014-07-23,2022-02-25
60,Tracey,Frodi,Tracey.Frodi@yopmail.com,47719512,1983-12-10,2019-03-04
61,Alisha,Posner,Alisha.Posner@yopmail.com,43976215,2015-02-28,2020-10-24
62,Gwenneth,Narton,Gwenneth.Narton@yopmail.com,98309084,2006-03-30,2019-05-17
63,Bobbi,Kronfeld,Bobbi.Kronfeld@yopmail.com,87167770,1985-09-30,2021-04-06
64,Marleah,Georgy,Marleah.Georgy@yopmail.com,15146364,2009-11-05,2020-02-12
65,Marcelline,Meli,Marcelline.Meli@yopmail.com,34694007,1985-04-08,2022-04-29
66,Xylina,Hollingsworth,Xylina.Hollingsworth@yopmail.com,30490356,1983-07-09,2019-09-19
67,Jenilee,Bakerman,Jenilee.Bakerman@yopmail.com,85103255,2002-06-07,2020-08-23
68,Nollie,Stover,Nollie.Stover@yopmail.com,98087722,1980-06-23,2021-05-08
69,Eve,Stav,Eve.Stav@yopmail.com,81708603,2017-05-20,2022-01-22
70,Mariele,Madox,Mariele.Madox@yopmail.com,10134778,2018-03-20,2021-01-18
71,Zondra,Payson,Zondra.Payson@yopmail.com,38015855,2011-01-06,2020-01-19
72,Carmela,Schonfeld,Carmela.Schonfeld@yopmail.com,65494468,1980-04-21,2019-01-19
73,Elora,Bouchard,Elora.Bouchard@yopmail.com,87576357,2005-01-17,2020-02-04
74,Jerry,Bollay,Jerry.Bollay@yopmail.com,63647688,2003-08-30,2020-08-05
75,Lolita,Jary,Lolita.Jary@yopmail.com,67719853,2002-11-23,2020-10-27
76,Ericka,Argus,Ericka.Argus@yopmail.com,63074337,2002-08-29,2022-08-31
77,Fredericka,Stav,Fredericka.Stav@yopmail.com,53654418,2016-06-07,2020-11-30
78,Jaclyn,Joli,Jaclyn.Joli@yopmail.com,81836861,1986-05-05,2022-03-11
79,Noelle,Bohlin,Noelle.Bohlin@yopmail.com,70272460,2003-09-06,2022-05-10
80,Aubrie,Wadell,Aubrie.Wadell@yopmail.com,38504958,2008-06-18,2020-05-01
81,Talya,Tacye,Talya.Tacye@yopmail.com,18489664,2006-05-18,2019-09-26
82,Britni,Fontana,Britni.Fontana@yopmail.com,45632772,2011-06-21,2022-08-16
83,Gilligan,Yusuk,Gilligan.Yusuk@yopmail.com,50522018,1988-04-09,2019-01-12
84,Annice,Edmund,Annice.Edmund@yopmail.com,97968416,1998-06-15,2022-11-20
85,Devina,Cleavland,Devina.Cleavland@yopmail.com,76676935,1993-07-21,2022-07-21
86,Susan,Eno,Susan.Eno@yopmail.com,32820243,2020-09-18,2022-08-18
87,Damaris,Tengdin,Damaris.Tengdin@yopmail.com,29226223,2008-05-03,2019-07-30
88,Ernesta,Henebry,Ernesta.Henebry@yopmail.com,29069658,1997-05-07,2022-05-13
89,Elsie,McCutcheon,Elsie.McCutcheon@yopmail.com,52879344,1988-09-29,2021-12-21
90,Ezmeralda,Concha,Ezmeralda.Concha@yopmail.com,21811013,2001-01-26,2021-06-25
91,Lusa,Melan,Lusa.Melan@yopmail.com,62206919,1994-09-09,2020-02-28
92,Elfreda,Wenoa,Elfreda.Wenoa@yopmail.com,94166198,2020-10-26,2019-10-19
93,Benita,Arvo,Benita.Arvo@yopmail.com,28772953,2001-05-25,2022-05-25
94,Randa,Hoenack,Randa.Hoenack@yopmail.com,25139466,1993-11-16,2021-08-16
95,Barbi,Therine,Barbi.Therine@yopmail.com,50405725,1987-04-29,2019-07-10
96,Josephine,Wareing,Josephine.Wareing@yopmail.com,59557384,1993-04-14,2022-07-18
97,Aurelie,Marlie,Aurelie.Marlie@yopmail.com,21045493,1992-10-04,2021-04-18
98,Althea,Jalbert,Althea.Jalbert@yopmail.com,33507955,2013-08-25,2022-07-23
99,Shauna,Estella,Shauna.Estella@yopmail.com,76903155,1984-11-24,2021-09-04
100,Cecile,Kalinda,Cecile.Kalinda@yopmail.com,31137313,2010-09-08,2021-02-04